ts_ms,open,high,low,close,volume
1701302400000,1.26945,1.27105,1.2601,1.26299,203162
1701388800000,1.263,1.27163,1.2613,1.2698,194714
1701561600000,1.26705,1.27239,1.26705,1.27102,3353
1701648000000,1.27106,1.27118,1.2602,1.26327,197103
1701734400000,1.2633,1.2652,1.2575,1.25931,200854
1701820800000,1.25932,1.2614,1.255,1.2556,186909
1701907200000,1.25566,1.26126,1.2543,1.2587,207063
1701993600000,1.25858,1.26011,1.2502,1.2547,216254
1702166400000,1.2519,1.25538,1.2519,1.25534,1841
1702252800000,1.25543,1.25907,1.2533,1.25526,174857
1702339200000,1.25525,1.26156,1.2513,1.25678,191158
1702425600000,1.2569,1.2635,1.2499,1.26203,198640
1702512000000,1.26203,1.2794,1.261,1.27704,251430
1702598400000,1.27692,1.27904,1.2667,1.2688,217205
1702771200000,1.26599,1.26885,1.26599,1.26707,1622
1702857600000,1.26707,1.2704,1.262,1.2653,195821
1702944000000,1.26513,1.2762,1.2648,1.27291,192520
1703030400000,1.2729,1.273,1.26127,1.26392,195049
1703116800000,1.26392,1.2696,1.2611,1.26818,206145
1703203200000,1.26818,1.27444,1.2677,1.2698,199311
1703376000000,1.2688,1.269,1.2674,1.269,4
1703462400000,1.26903,1.2736,1.26103,1.2704,12014
1703548800000,1.27036,1.273,1.2683,1.27263,158507
1703635200000,1.27258,1.2803,1.2697,1.27996,173159
1703721600000,1.28,1.28276,1.2711,1.27337,175788
1703808000000,1.27335,1.2773,1.2698,1.2731,179423
1703980800000,1.2728,1.2728,1.2728,1.2728,1
1704067200000,1.2731,1.2756,1.2672,1.2726,8023
1704153600000,1.27268,1.276,1.261,1.26217,205683
1704240000000,1.26218,1.26766,1.2615,1.2672,208728
1704326400000,1.26717,1.27297,1.2655,1.268,196249
1704412800000,1.26799,1.27709,1.26099,1.2717,207502
1704585600000,1.2705,1.27193,1.2705,1.27168,1566
1704672000000,1.27169,1.2767,1.2672,1.27404,178634
1704758400000,1.27405,1.2765,1.2689,1.2711,189652
1704844800000,1.27106,1.2745,1.2685,1.27435,170623
1704931200000,1.27438,1.2779,1.2689,1.27783,163959
1705017600000,1.27778,1.2786,1.2719,1.27506,201846
1705190400000,1.27422,1.27506,1.27346,1.27351,2054
1705276800000,1.27351,1.27651,1.2712,1.27149,153629
1705363200000,1.27142,1.2717,1.2618,1.2635,209411
1705449600000,1.26351,1.2696,1.2595,1.26756,213806
1705536000000,1.26764,1.27115,1.26469,1.27104,208504
1705622400000,1.27107,1.2715,1.266,1.27026,182457
1705795200000,1.26784,1.27085,1.26784,1.2699,1760
1705881600000,1.2699,1.2733,1.2686,1.27055,173224
1705968000000,1.27057,1.2747,1.2648,1.26897,180437
1706054400000,1.26898,1.27747,1.26836,1.27172,187101
1706140800000,1.27166,1.2744,1.268,1.27056,198404
1706227200000,1.27047,1.27585,1.2674,1.2704,166717
1706400000000,1.26992,1.27,1.269,1.2696,2045
1706486400000,1.2696,1.2719,1.2661,1.2713,161169
1706572800000,1.27108,1.2721,1.26394,1.26921,174413
1706659200000,1.2692,1.27508,1.2657,1.26774,203204
1706745600000,1.26774,1.2756,1.26728,1.27457,70505
1706832000000,1.2744,1.27723,1.2612,1.2631,183859
1707004800000,1.26319,1.26345,1.26106,1.2621,2234
1707091200000,1.26206,1.26295,1.25158,1.25321,173600
1707177600000,1.2533,1.26052,1.25319,1.26015,179828
1707264000000,1.26016,1.2642,1.25941,1.2626,174775
1707350400000,1.26259,1.2639,1.257,1.26194,180171
1707436800000,1.26202,1.2643,1.2598,1.2628,160239
1707609600000,1.26225,1.26367,1.26225,1.26363,2053
1707696000000,1.26362,1.26547,1.2605,1.26262,150220
1707782400000,1.26253,1.2684,1.2572,1.25879,176585
1707868800000,1.25896,1.2611,1.2534,1.2568,186425
1707955200000,1.25654,1.2611,1.25395,1.25978,173444
1708041600000,1.25969,1.26241,1.2549,1.2601,173790
1708214400000,1.2602,1.26106,1.25966,1.26102,1998
1708300800000,1.26101,1.263,1.2581,1.25869,130513
1708387200000,1.25863,1.26685,1.25771,1.26245,161811
1708473600000,1.26244,1.2642,1.2601,1.26374,180719
1708560000000,1.2638,1.27091,1.261,1.26603,176869
1708646400000,1.26602,1.27015,1.26466,1.2672,167390
1708819200000,1.267,1.26765,1.26665,1.26698,1823
1708905600000,1.26694,1.27,1.2655,1.26833,152760
1708992000000,1.26821,1.2697,1.2658,1.26789,174996
1709078400000,1.26788,1.2684,1.2621,1.26596,161530
1709164800000,1.2661,1.2682,1.2611,1.26257,188378
1709251200000,1.26263,1.2664,1.2598,1.2653,170572
1709424000000,1.2645,1.26618,1.2645,1.26599,2244
1709510400000,1.26599,1.27064,1.2654,1.26893,145318
1709596800000,1.26895,1.27344,1.267,1.27038,162225
1709683200000,1.2703,1.27612,1.2688,1.27354,173458
1709769600000,1.27341,1.2813,1.2722,1.28124,180806
1709856000000,1.28129,1.28937,1.2799,1.2858,178662
1710028800000,1.2856,1.28561,1.28473,1.28551,3136
1710115200000,1.28551,1.28617,1.2793,1.28179,164198
1710201600000,1.2817,1.28232,1.2745,1.27947,170926
1710288000000,1.2793,1.28113,1.2773,1.28009,156936
1710374400000,1.2801,1.2823,1.27298,1.27449,170508
1710460800000,1.27449,1.2759,1.2717,1.273,148668
1710633600000,1.27338,1.27374,1.27288,1.27303,2744
1710720000000,1.27305,1.27468,1.2717,1.27259,130760
1710806400000,1.27257,1.2733,1.2667,1.27172,157953
1710892800000,1.27171,1.2798,1.2683,1.27971,163998
1710979200000,1.27974,1.28033,1.26462,1.266,177979
1711065600000,1.26598,1.2675,1.2574,1.26,152315
1711238400000,1.25961,1.25993,1.25915,1.25971,2310
1711324800000,1.25972,1.26522,1.259,1.26359,129612
1711411200000,1.26358,1.2668,1.26202,1.26273,137718
1711497600000,1.26274,1.2641,1.2604,1.26164,137157
1711584000000,1.26173,1.26542,1.2584,1.26206,141995
1711670400000,1.26196,1.2646,1.26073,1.2625,44607
1711843200000,1.26262,1.26418,1.26242,1.26371,3451
1711929600000,1.26373,1.2643,1.2538,1.25459,114386
1712016000000,1.25456,1.2582,1.2538,1.25754,131474
1712102400000,1.25753,1.2656,1.25617,1.2651,144702
1712188800000,1.26504,1.26834,1.26325,1.26388,141981
1712275200000,1.26387,1.2649,1.25732,1.2637,145255
1712448000000,1.26302,1.26334,1.262,1.26235,3000
1712534400000,1.2622,1.26642,1.2612,1.26572,147841
1712620800000,1.26572,1.27091,1.2647,1.26767,136342
1712707200000,1.26762,1.27048,1.2518,1.25362,149512
1712793600000,1.25363,1.25785,1.2509,1.2552,165783
1712880000000,1.25543,1.2559,1.2425,1.2456,166683
1713052800000,1.24461,1.24627,1.24439,1.24592,4277
1713139200000,1.24591,1.2499,1.2434,1.24456,178341
1713225600000,1.2446,1.24719,1.2404,1.24299,189544
1713312000000,1.24299,1.24818,1.2416,1.24524,177054
1713398400000,1.24529,1.24845,1.2429,1.24343,156981
1713484800000,1.24342,1.24684,1.2358,1.2368,190145
1713657600000,1.2371,1.2379,1.23653,1.23747,2601
1713744000000,1.23755,1.2393,1.2298,1.2349,142483
1713830400000,1.23492,1.2459,1.233,1.24541,154849
1713916800000,1.24541,1.247,1.2421,1.24589,121455
1714003200000,1.24591,1.2529,1.2453,1.25069,167482
1714089600000,1.25068,1.2541,1.2448,1.2487,156152
1714262400000,1.24827,1.251,1.24811,1.25093,2177
1714348800000,1.25091,1.25692,1.2506,1.25588,166905
1714435200000,1.25587,1.2561,1.24837,1.24884,166202
1714521600000,1.24885,1.25496,1.2465,1.25336,142821
1714608000000,1.25357,1.2545,1.2471,1.2539,163989
1714694400000,1.25394,1.2634,1.25286,1.25461,159509
1714867200000,1.2547,1.25529,1.2539,1.25402,2365
1714953600000,1.25399,1.2595,1.2537,1.25616,135829
1715040000000,1.25602,1.25706,1.2488,1.25,140237
1715126400000,1.25007,1.2505,1.2466,1.24927,140317
1715212800000,1.24928,1.2531,1.2445,1.25245,147303
1715299200000,1.25246,1.2541,1.2501,1.2524,139930
1715472000000,1.25156,1.2527,1.25156,1.25217,2308
1715558400000,1.25214,1.2569,1.2516,1.25597,140379
1715644800000,1.25597,1.2593,1.25085,1.2584,146294
1715731200000,1.25833,1.2694,1.2582,1.26883,151428
1715817600000,1.26881,1.27008,1.2643,1.267,141756
1715904000000,1.26707,1.2712,1.2643,1.27,124503
1716076800000,1.26835,1.2708,1.26835,1.27055,1836
1716163200000,1.27056,1.27252,1.2688,1.27094,129177
1716249600000,1.27094,1.2727,1.2686,1.27095,131775
1716336000000,1.27092,1.27612,1.2699,1.27198,153634
1716422400000,1.27199,1.27465,1.2684,1.26928,156117
1716508800000,1.26928,1.2751,1.26731,1.2737,128211
1716681600000,1.27302,1.27428,1.27302,1.27336,2296
1716768000000,1.27335,1.2778,1.2732,1.2771,90449
1716854400000,1.2771,1.28005,1.2752,1.2757,138618
1716940800000,1.27569,1.2772,1.2693,1.26972,150734
1717027200000,1.26972,1.27472,1.2679,1.2728,146249
1717113600000,1.2727,1.2766,1.2698,1.274,145031
1717286400000,1.27355,1.27451,1.27348,1.27439,2917
1717372800000,1.27439,1.2815,1.2693,1.28096,154207
1717459200000,1.28095,1.28171,1.27424,1.27719,158079
1717545600000,1.27724,1.27954,1.2754,1.27933,141642
1717632000000,1.27932,1.2809,1.2762,1.27917,133041
1717718400000,1.27915,1.28177,1.2714,1.2721,149022
1717891200000,1.27266,1.27315,1.2713,1.27278,3067
1717977600000,1.27279,1.27373,1.2687,1.27255,139690
1718064000000,1.27254,1.27514,1.2705,1.27395,140816
1718150400000,1.27396,1.28603,1.2731,1.27959,165526
1718236800000,1.2796,1.28076,1.27356,1.27536,157392
1718323200000,1.27535,1.27631,1.2655,1.2686,159370
1718496000000,1.26817,1.26871,1.2658,1.2682,2910
1718582400000,1.26829,1.27141,1.2657,1.27135,139990
1718668800000,1.27136,1.27208,1.2667,1.27066,147739
1718755200000,1.2706,1.274,1.26974,1.27198,107203
1718841600000,1.27199,1.27201,1.26481,1.26595,108534
1718928000000,1.26594,1.26746,1.26208,1.2644,98355
1719100800000,1.26389,1.2652,1.2634,1.26378,2791
1719187200000,1.26378,1.2698,1.2631,1.26817,134790
1719273600000,1.26818,1.27024,1.2669,1.2683,127019
1719360000000,1.26837,1.26932,1.2613,1.26205,142117
1719446400000,1.26206,1.26705,1.2611,1.2644,139891
1719532800000,1.2644,1.26647,1.2618,1.26445,146538
1719705600000,1.26508,1.26578,1.26422,1.26483,3066
1719792000000,1.26483,1.27101,1.2632,1.26444,123859
1719878400000,1.26446,1.2692,1.2614,1.26872,132312
1719964800000,1.26872,1.27773,1.2676,1.27466,106947
1720051200000,1.27466,1.2768,1.2739,1.27546,96253
1720137600000,1.27546,1.2818,1.2753,1.2813,129390
1720310400000,1.27945,1.28156,1.27919,1.2806,2949
1720396800000,1.28054,1.2846,1.27899,1.28147,123177
1720483200000,1.28151,1.28251,1.27673,1.2786,123550
1720569600000,1.2788,1.2854,1.2782,1.28538,119448
1720656000000,1.28539,1.29491,1.2848,1.2923,148403
1720742400000,1.29231,1.2995,1.2901,1.2989,138698
1720915200000,1.29634,1.29816,1.29622,1.29669,3362
1721001600000,1.29668,1.29944,1.29528,1.29689,141566
1721088000000,1.29689,1.29794,1.2937,1.29727,143852
1721174400000,1.29763,1.30441,1.2964,1.30078,143187
1721260800000,1.30065,1.3013,1.2928,1.29482,153192
1721347200000,1.29482,1.29485,1.2899,1.29121,127191
1721520000000,1.29126,1.2939,1.29089,1.29321,3775
1721606400000,1.29322,1.29421,1.2904,1.29308,138227
1721692800000,1.29304,1.2935,1.2886,1.29008,135152
1721779200000,1.29006,1.29377,1.2876,1.28976,150813
1721865600000,1.28978,1.29133,1.284,1.28545,170658
1721952000000,1.28552,1.2878,1.2848,1.2866,133290
1722124800000,1.28558,1.28708,1.28558,1.2866,3296
1722211200000,1.28664,1.2888,1.2805,1.2859,141601
1722297600000,1.28589,1.28644,1.27859,1.2835,140083
1722384000000,1.28375,1.28642,1.28192,1.28527,177815
1722470400000,1.28521,1.2861,1.27245,1.27277,180007
1722556800000,1.27275,1.284,1.2706,1.2803,184632
1722729600000,1.27978,1.28092,1.278,1.27873,5386
1722816000000,1.2787,1.28166,1.2709,1.2786,261517
1722902400000,1.2788,1.2804,1.26717,1.2683,226441
1722988800000,1.26836,1.27357,1.26765,1.26816,196200
1723075200000,1.26825,1.2761,1.2663,1.27455,188266
1723161600000,1.27456,1.2774,1.2724,1.2762,142090
1723334400000,1.27595,1.27605,1.2747,1.27477,2179
1723420800000,1.2748,1.2794,1.2746,1.277,151219
1723507200000,1.27704,1.2873,1.2762,1.28648,161140
1723593600000,1.28648,1.28683,1.28146,1.2825,162354
1723680000000,1.28241,1.28717,1.2797,1.28582,150461
1723766400000,1.28583,1.2947,1.2856,1.2943,131197
1723939200000,1.2933,1.29503,1.2933,1.29457,2451
1724025600000,1.29461,1.2997,1.2939,1.29889,148221
1724112000000,1.29883,1.30386,1.2972,1.30332,146350
1724198400000,1.30336,1.3119,1.30095,1.30918,164025
1724284800000,1.30914,1.3129,1.3075,1.3096,158226
1724371200000,1.30961,1.323,1.3091,1.3215,160658
1724544000000,1.3209,1.32158,1.32029,1.32135,3050
1724630400000,1.32138,1.3222,1.31685,1.31912,151211
1724716800000,1.3191,1.327,1.3178,1.32549,155708
1724803200000,1.32549,1.32603,1.3166,1.31925,160736
1724889600000,1.31926,1.3228,1.31431,1.31646,167953
1724976000000,1.31652,1.32,1.3108,1.3125,156852
1725148800000,1.31254,1.3134,1.31205,1.3128,2156
1725235200000,1.31287,1.3155,1.3118,1.31398,106607
1725321600000,1.31399,1.3147,1.3086,1.31123,176358
1725408000000,1.31122,1.31751,1.31,1.31432,169149
1725494400000,1.3143,1.31852,1.3135,1.31756,165331
1725580800000,1.31752,1.32383,1.3108,1.3131,174796
1725753600000,1.31175,1.3138,1.31175,1.3131,2900
1725840000000,1.31306,1.3143,1.30211,1.30704,160090
1725926400000,1.30703,1.3108,1.30382,1.30793,159196
1726012800000,1.30794,1.3111,1.30006,1.30375,183380
1726099200000,1.30376,1.31324,1.303,1.3131,175360
1726185600000,1.31323,1.3158,1.31112,1.31221,168342
1726358400000,1.31169,1.3137,1.31166,1.31347,2901
1726444800000,1.31348,1.3221,1.3122,1.32096,155750
1726531200000,1.321,1.323,1.31406,1.31667,170255
1726617600000,1.31667,1.3298,1.3154,1.32024,190957
1726704000000,1.32028,1.3314,1.3151,1.32806,211715
1726790400000,1.32809,1.3341,1.3267,1.3323,186762
1726963200000,1.3315,1.33222,1.331,1.33116,2217
1727049600000,1.33112,1.33592,1.32463,1.33482,186891
1727136000000,1.33482,1.34274,1.333,1.34266,187986
1727222400000,1.34263,1.34294,1.33119,1.33136,162844
1727308800000,1.33129,1.34342,1.3312,1.34102,147541
1727395200000,1.34101,1.34274,1.3358,1.3378,198751
1727568000000,1.33625,1.3384,1.33625,1.33821,2630
1727654400000,1.3383,1.3424,1.33486,1.33771,190030
1727740800000,1.3377,1.339,1.3236,1.32741,223654
1727827200000,1.32738,1.3306,1.32445,1.32626,190720
1727913600000,1.32622,1.3265,1.3091,1.31284,214535
1728000000000,1.31283,1.3175,1.30685,1.3122,195676
1728172800000,1.31031,1.3125,1.31031,1.31226,3303
1728259200000,1.31225,1.3134,1.3058,1.30841,187488
1728345600000,1.30843,1.31135,1.3062,1.30927,195219
1728432000000,1.30926,1.3103,1.3055,1.30658,174974
1728518400000,1.30659,1.30936,1.30192,1.30607,185909
1728604800000,1.30611,1.30831,1.304,1.3066,142305
1728777600000,1.3069,1.3069,1.3069,1.3069,1
1728864000000,1.30409,1.3072,1.3029,1.30664,151946
1728950400000,1.3066,1.3103,1.3034,1.30642,170708
1729036800000,1.30641,1.30772,1.2975,1.29904,167472
1729123200000,1.29906,1.30232,1.2973,1.30135,179702
1729209600000,1.30136,1.3071,1.301,1.305,164671
1729382400000,1.3053,1.30564,1.3046,1.30515,2147
1729468800000,1.30516,1.3053,1.2975,1.29818,161653
1729555200000,1.29819,1.3015,1.2943,1.29806,173910
1729641600000,1.29804,1.2995,1.2906,1.29154,175715
1729728000000,1.29155,1.29881,1.291,1.2972,174932
1729814400000,1.29709,1.2999,1.2954,1.2958,161438
1729987200000,1.29699,1.29699,1.29556,1.2957,2888
1730073600000,1.29568,1.30013,1.2938,1.29744,150956
1730160000000,1.29743,1.30171,1.2956,1.30108,179227
1730246400000,1.30107,1.30433,1.29346,1.2956,189077
1730332800000,1.29579,1.29997,1.2843,1.28968,199662
1730419200000,1.28968,1.29801,1.27494,1.2926,173700
1730592000000,1.29694,1.29694,1.29488,1.29521,2403
1730678400000,1.29522,1.2999,1.2933,1.29537,176350
1730764800000,1.29539,1.3048,1.29456,1.30416,166060
1730851200000,1.30416,1.30428,1.2834,1.2882,291976
1730937600000,1.2882,1.30091,1.2874,1.29827,216138
1731024000000,1.29828,1.2985,1.28828,1.292,188503
1731196800000,1.29021,1.29171,1.29012,1.2915,1344
1731283200000,1.29149,1.2926,1.2854,1.28732,164343
1731369600000,1.28733,1.2874,1.27188,1.27364,200969
1731456000000,1.27363,1.27681,1.2685,1.27068,201907
1731542400000,1.2707,1.27202,1.2628,1.26667,205484
1731628800000,1.26668,1.26972,1.2595,1.2617,204093
1731801600000,1.26206,1.26206,1.26045,1.26189,1447
1731888000000,1.26184,1.2687,1.2612,1.2678,173196
1731974400000,1.26784,1.2694,1.2611,1.26938,201043
1732060800000,1.26939,1.2715,1.2629,1.26554,187432
1732147200000,1.26551,1.266,1.2575,1.25846,194903
1732233600000,1.25843,1.2595,1.2485,1.2529,212035
1732492800000,1.2601,1.2602,1.2528,1.25317,81170
1732579200000,1.25318,1.26164,1.25068,1.25732,224386
1732665600000,1.25731,1.26941,1.2565,1.2677,203688
1732752000000,1.2677,1.2696,1.2643,1.2695,148765
1732838400000,1.26945,1.275,1.2671,1.2737,194817
1733011200000,1.27219,1.27334,1.26954,1.27007,2389
1733097600000,1.27009,1.27225,1.2615,1.2657,202887
1733184000000,1.26582,1.26995,1.2636,1.26737,195501
1733270400000,1.26736,1.27213,1.263,1.27004,201477
1733356800000,1.27006,1.2772,1.2692,1.276,179630
1733443200000,1.2759,1.2811,1.25281,1.274,177123
1733616000000,1.27324,1.275,1.2732,1.27476,1944
1733702400000,1.27477,1.2799,1.2715,1.2747,163587
1733788800000,1.27481,1.278,1.2723,1.2779,174886
1733875200000,1.2779,1.27815,1.2711,1.2763,193105
1733961600000,1.27649,1.27879,1.2665,1.26748,195261
1734048000000,1.26761,1.2679,1.25384,1.261,157327
1734220800000,1.26085,1.26268,1.26085,1.26258,1662
1734307200000,1.2626,1.2699,1.2622,1.2688,152714
1734393600000,1.26899,1.27284,1.2665,1.27099,170724
1734480000000,1.27098,1.2723,1.25598,1.2567,191462
1734566400000,1.25675,1.26669,1.2493,1.24969,215769
1734652800000,1.24969,1.2614,1.24512,1.2569,189409
1734825600000,1.25595,1.25733,1.25577,1.25694,1615
1734912000000,1.25696,1.2588,1.2508,1.25319,159079
1734998400000,1.25322,1.2575,1.2517,1.2534,120191
1735084800000,1.2533,1.2874,1.14068,1.25424,6821
1735171200000,1.25431,1.2549,1.25,1.25274,124092
1735257600000,1.25272,1.25924,1.2504,1.2576,160528
1735430400000,1.25711,1.25875,1.25627,1.2577,989
1735516800000,1.25774,1.26074,1.24934,1.25478,153763
1735603200000,1.25479,1.25692,1.2504,1.25151,130546
1735689600000,1.2512,1.25196,1.25035,1.25194,3959
1735776000000,1.25195,1.2541,1.2352,1.23795,177214
1735862400000,1.23789,1.2434,1.2377,1.242,148193
1736035200000,1.24131,1.24335,1.24131,1.2424,1797
1736121600000,1.24242,1.25509,1.24171,1.251,177104
1736208000000,1.25094,1.25756,1.24712,1.24753,179319
1736294400000,1.24756,1.24941,1.23196,1.23579,184872
1736380800000,1.23585,1.2365,1.2238,1.22983,163204
1736467200000,1.22984,1.2322,1.21749,1.2206,186082
1736640000000,1.21929,1.22097,1.21929,1.22033,1732
1736726400000,1.22027,1.22493,1.2099,1.22311,192902
1736812800000,1.22077,1.22461,1.2138,1.22105,187218
1736899200000,1.22094,1.23062,1.2162,1.22423,176931
1736985600000,1.2242,1.2261,1.21747,1.2234,186231
1737072000000,1.22343,1.2245,1.18978,1.2166,167506
1737244800000,1.2172,1.21748,1.216,1.21746,1488
1737331200000,1.21743,1.23444,1.2164,1.23315,172145
1737417600000,1.23322,1.23601,1.2228,1.2338,210309
1737504000000,1.23376,1.2376,1.23041,1.23135,177414
1737590400000,1.23134,1.23755,1.2292,1.23538,182221
1737676800000,1.23538,1.2502,1.2347,1.2482,188274
1737849600000,1.24648,1.24677,1.24552,1.24571,1990
1737936000000,1.24574,1.25229,1.24249,1.24505,203210
1738022400000,1.24508,1.24651,1.2413,1.24402,184308
1738108800000,1.24375,1.2463,1.2392,1.24537,190234
1738195200000,1.2454,1.24765,1.24071,1.24217,172113
1738281600000,1.2421,1.24719,1.2385,1.2393,190818
1738454400000,1.22739,1.23231,1.22739,1.22895,4450
1738540800000,1.2289,1.2455,1.2247,1.2433,237517
1738627200000,1.24328,1.24933,1.2378,1.24751,195623
1738713600000,1.24751,1.255,1.2462,1.25018,178587
1738800000000,1.25009,1.25091,1.2359,1.24339,173956
1738886400000,1.2434,1.24918,1.23738,1.2409,174774
1739059200000,1.23786,1.2394,1.23657,1.2389,1810
1739145600000,1.23891,1.24222,1.2353,1.23594,151996
1739232000000,1.23594,1.24546,1.2331,1.24496,152249
1739318400000,1.24501,1.24836,1.23761,1.24497,177626
1739404800000,1.24498,1.257,1.2441,1.2564,193021
1739491200000,1.25639,1.26302,1.2548,1.2585,160075
1739664000000,1.25795,1.25877,1.25773,1.25834,2094
1739750400000,1.25838,1.2635,1.25788,1.26202,121953
1739836800000,1.26203,1.2639,1.25812,1.26238,143300
1739923200000,1.26239,1.2636,1.2562,1.2583,151698
1740009600000,1.25829,1.2674,1.2579,1.2668,155316
1740096000000,1.26686,1.26785,1.2623,1.263,160341
1740268800000,1.26404,1.26568,1.26291,1.26484,1729
1740355200000,1.26487,1.26904,1.26106,1.26167,167349
1740441600000,1.26165,1.2678,1.2604,1.26714,165346
1740528000000,1.267,1.27157,1.2634,1.26801,171002
1740614400000,1.26798,1.2689,1.2594,1.25959,178711
1740700800000,1.2596,1.2622,1.2558,1.2578,180290
1740873600000,1.25836,1.26081,1.25758,1.26019,2536
1740960000000,1.2602,1.27247,1.2581,1.27012,193493
1741046400000,1.27014,1.27995,1.2677,1.27951,217953
1741132800000,1.27946,1.2901,1.2766,1.28895,223122
1741219200000,1.28894,1.29233,1.2865,1.28827,212678
1741305600000,1.28825,1.29445,1.2875,1.292,195008
1741478400000,1.2897,1.29377,1.2897,1.29315,5026
1741564800000,1.29307,1.29466,1.2859,1.2873,192939
1741651200000,1.28753,1.29657,1.2872,1.29434,200207
1741737600000,1.2943,1.29891,1.2912,1.29637,169188
1741824000000,1.29635,1.2973,1.29196,1.29562,169128
1741910400000,1.2955,1.29585,1.29099,1.2932,162300
1742083200000,1.29156,1.29351,1.29156,1.29263,3582
1742169600000,1.29263,1.2999,1.29263,1.29833,135917
1742256000000,1.2984,1.30097,1.295,1.3,138726
1742342400000,1.29996,1.3025,1.2953,1.30095,146658
1742428800000,1.30097,1.30141,1.29348,1.29644,143231
1742515200000,1.29644,1.29701,1.2886,1.2915,133677
1742688000000,1.28942,1.29256,1.28887,1.29249,3058
1742774400000,1.29247,1.2974,1.2894,1.29222,145785
1742860800000,1.29219,1.2967,1.2901,1.29447,134098
1742947200000,1.29446,1.2946,1.2868,1.28769,148002
1743033600000,1.28765,1.29926,1.2876,1.29509,149921
1743120000000,1.29497,1.29682,1.292,1.294,134123
1743292800000,1.2928,1.29401,1.29212,1.29371,4593
1743379200000,1.29372,1.29727,1.2885,1.2919,161651
1743465600000,1.29191,1.2941,1.28775,1.2921,154222
1743552000000,1.29213,1.30518,1.29,1.30448,157321
1743638400000,1.30442,1.32066,1.3025,1.30887,150893
1743724800000,1.30893,1.31132,1.28508,1.289,134961
1743897600000,1.28402,1.2932,1.28278,1.29079,9587
1743984000000,1.29091,1.29342,1.2707,1.2733,286506
1744070400000,1.27337,1.2814,1.2723,1.27858,246181
1744156800000,1.27861,1.2864,1.27415,1.28244,288944
1744243200000,1.28237,1.2997,1.2821,1.29902,260163
1744329600000,1.29896,1.31451,1.2984,1.308,276857
1744502400000,1.30768,1.30901,1.30611,1.30836,6941
1744588800000,1.30833,1.3201,1.3082,1.3172,211091
1744675200000,1.31718,1.32519,1.3163,1.32299,182968
1744761600000,1.32299,1.32922,1.32105,1.32324,190049
1744848000000,1.32324,1.32732,1.3202,1.32648,160208
1745107200000,1.32708,1.332,1.32708,1.33138,5281
1745193600000,1.33139,1.3422,1.33139,1.33793,153201
1745280000000,1.3379,1.34228,1.32329,1.32717,187518
1745366400000,1.32712,1.33388,1.32455,1.32646,198964
1745452800000,1.32649,1.3349,1.3258,1.33267,156000
1745539200000,1.33259,1.3333,1.3273,1.3309,145637
1745712000000,1.3307,1.3312,1.3286,1.32896,3909
1745798400000,1.32896,1.34433,1.3279,1.34343,150990
1745884800000,1.34337,1.34419,1.3379,1.34115,148003
1745971200000,1.34116,1.34141,1.3308,1.33204,156688
1746057600000,1.33206,1.33453,1.3259,1.32851,144090
1746144000000,1.32853,1.33308,1.32595,1.3271,161339
1746316800000,1.3261,1.3276,1.32576,1.32691,3243
1746403200000,1.32691,1.33363,1.326,1.32899,141497
1746489600000,1.329,1.34027,1.32595,1.33514,158207
1746576000000,1.33515,1.33772,1.3278,1.3291,162874
1746662400000,1.32905,1.33562,1.3232,1.32384,175306
1746748800000,1.32386,1.33227,1.3211,1.3304,133682
1746921600000,1.32585,1.3295,1.32568,1.32842,3771
1747008000000,1.32845,1.32996,1.3138,1.31775,180074
1747094400000,1.31769,1.33157,1.3172,1.3302,151444
1747180800000,1.33032,1.33603,1.3252,1.32629,166522
1747267200000,1.32629,1.33201,1.3258,1.33027,154309
1747353600000,1.33026,1.33326,1.3249,1.32748,140139
1747526400000,1.32992,1.3305,1.3293,1.33044,1626
1747612800000,1.33046,1.34038,1.32897,1.33581,156315
1747699200000,1.33583,1.3398,1.33336,1.33965,150825
1747785600000,1.3397,1.34686,1.3387,1.34198,174276
1747872000000,1.34205,1.3441,1.33899,1.34188,162264
1747958400000,1.34191,1.354,1.3417,1.3537,155127
1748131200000,1.35275,1.35416,1.35195,1.35373,4728
1748217600000,1.35373,1.3593,1.3534,1.35647,106835
1748304000000,1.35654,1.3587,1.3499,1.35131,149373
1748390400000,1.35134,1.3522,1.34144,1.34278,153567
1748476800000,1.34276,1.35075,1.3418,1.34982,165192
1748563200000,1.34982,1.3511,1.34467,1.3464,155286
1748736000000,1.34617,1.3474,1.34512,1.34677,3381
1748822400000,1.34675,1.356,1.3467,1.35565,152810
1748908800000,1.35563,1.3558,1.3491,1.35299,142961
1748995200000,1.35297,1.3581,1.35,1.35502,145731
1749081600000,1.35504,1.3617,1.3539,1.35782,158083
1749168000000,1.35778,1.3585,1.3506,1.35193,148048
1749340800000,1.35205,1.354,1.35192,1.35363,2326
1749427200000,1.35362,1.36613,1.34033,1.35541,130441
1749513600000,1.35542,1.3564,1.34545,1.35064,157742
1749600000000,1.35067,1.3573,1.3463,1.3568,161679
1749686400000,1.35676,1.36295,1.35228,1.36281,173668
1749772800000,1.36274,1.36324,1.35156,1.3564,183566
1749945600000,1.3561,1.3561,1.3561,1.3561,1
1750032000000,1.3547,1.3623,1.3533,1.35677,163964
1750118400000,1.35675,1.35792,1.3399,1.34286,167713
1750204800000,1.34282,1.34767,1.3399,1.3412,172143
1750291200000,1.34136,1.34792,1.3382,1.34756,144497
1750377600000,1.34755,1.3512,1.344,1.3465,149100
1750550400000,1.33967,1.3441,1.33967,1.3434,5499
1750636800000,1.34342,1.35548,1.3369,1.3545,188174
1750723200000,1.35449,1.36485,1.35347,1.36145,167423
1750809600000,1.36144,1.3692,1.3472,1.36898,155965
1750896000000,1.36899,1.3771,1.3676,1.37244,175795
1750982400000,1.3725,1.37523,1.3681,1.3714,155081
1751155200000,1.36965,1.37277,1.36965,1.3718,3884
1751241600000,1.37174,1.37403,1.36729,1.37301,148711
1751328000000,1.37298,1.3789,1.37024,1.3745,156348
1751414400000,1.3745,1.3753,1.35612,1.36487,159371
1751500800000,1.3649,1.3676,1.3585,1.36669,145431
1751587200000,1.36654,1.36824,1.35966,1.3649,117227
1751760000000,1.36373,1.36545,1.36373,1.36503,2736
1751846400000,1.36511,1.3658,1.3574,1.36233,146145
1751932800000,1.36232,1.3647,1.35256,1.35844,151003
1752019200000,1.35845,1.36197,1.3563,1.35972,135478
1752105600000,1.35971,1.36195,1.35329,1.35795,130192
1752192000000,1.35795,1.35813,1.348,1.3499,147664
1752364800000,1.34884,1.3495,1.34806,1.34948,4306
1752451200000,1.34945,1.3504,1.34169,1.34274,138941
1752537600000,1.34272,1.3467,1.33732,1.3391,147741
1752624000000,1.33932,1.34847,1.3364,1.34096,160160
1752710400000,1.34095,1.34341,1.33739,1.34308,137683
1752796800000,1.3431,1.34753,1.34015,1.3408,117501
1752969600000,1.34171,1.3421,1.34073,1.34144,3496
1753056000000,1.34144,1.35106,1.34,1.3489,123283
1753142400000,1.3487,1.3534,1.34604,1.352,125692
1753228800000,1.3519,1.3587,1.35138,1.35784,138980
1753315200000,1.35781,1.35882,1.34992,1.35081,141351
1753401600000,1.35086,1.35119,1.3415,1.34329,117042
1753574400000,1.34288,1.34454,1.34245,1.34372,3650
1753660800000,1.34371,1.3453,1.33446,1.33589,124569
1753747200000,1.33588,1.33641,1.33069,1.33528,128365
1753833600000,1.33528,1.33854,1.3226,1.32554,141955
1753920000000,1.32551,1.32822,1.3185,1.32074,140080
1754006400000,1.32069,1.33103,1.314,1.3277,150264
1754179200000,1.32705,1.3292,1.32705,1.32907,4128
1754265600000,1.32914,1.3331,1.325,1.32972,134751
1754352000000,1.32976,1.33164,1.3259,1.32978,129362
1754438400000,1.32972,1.33681,1.3281,1.33571,138953
1754524800000,1.3357,1.34521,1.3344,1.3451,174306
1754611200000,1.34508,1.34586,1.3417,1.3449,155976
1754784000000,1.34385,1.34495,1.34368,1.3441,2157
1754870400000,1.3443,1.34763,1.33979,1.34329,144395
1754956800000,1.3433,1.3524,1.3419,1.3504,173236
1755043200000,1.35039,1.3585,1.3492,1.3583,148067
1755129600000,1.35848,1.35949,1.3519,1.35294,169633
1755216000000,1.3529,1.35751,1.3526,1.35489,144646
1755388800000,1.35455,1.35631,1.35455,1.35556,4592
1755475200000,1.35557,1.3565,1.3498,1.35072,206753
1755561600000,1.35075,1.35314,1.3476,1.34845,216406
1755648000000,1.34845,1.35095,1.3446,1.34657,227696
1755734400000,1.34646,1.34826,1.34019,1.34175,223292
1755820800000,1.34166,1.35442,1.33899,1.352,231636
1755993600000,1.35105,1.35246,1.3507,1.3508,4552
1756080000000,1.35081,1.35269,1.34425,1.34539,214664
1756166400000,1.34539,1.34934,1.34331,1.34765,252364
1756252800000,1.3476,1.35053,1.3416,1.35035,227336
1756339200000,1.35034,1.35308,1.3482,1.35075,231357
1756425600000,1.35077,1.35166,1.3445,1.3499,222282
1756598400000,1.34903,1.35073,1.34903,1.35027,3582
1756684800000,1.35029,1.3551,1.3501,1.35458,179029
1756771200000,1.35461,1.35479,1.3338,1.33807,265652
1756857600000,1.3381,1.34581,1.33321,1.34405,247327
1756944000000,1.34407,1.34593,1.3415,1.34435,228526
1757030400000,1.34435,1.35545,1.344,1.3508,235267
1757203200000,1.34969,1.35028,1.34813,1.34923,7751
1757289600000,1.34924,1.3558,1.34826,1.35524,235132
1757376000000,1.35526,1.35906,1.35117,1.35203,234059
1757462400000,1.35198,1.35641,1.35112,1.35327,230896
1757548800000,1.35326,1.3583,1.34886,1.35737,232442
1757635200000,1.35726,1.35752,1.3523,1.3556,222475
1757808000000,1.35506,1.35608,1.3547,1.35523,3747
1757894400000,1.35524,1.36201,1.3547,1.36004,206352
1757980800000,1.36009,1.36719,1.3597,1.36522,234614
1758067200000,1.36525,1.37264,1.36155,1.36291,231125
1758153600000,1.36288,1.36606,1.35339,1.3553,256675
1758240000000,1.35547,1.35593,1.3462,1.3471,234443
1758412800000,1.34628,1.34724,1.34603,1.34625,4094
1758499200000,1.34618,1.35205,1.3452,1.35136,214146
1758585600000,1.35138,1.35365,1.3486,1.35235,231449
1758672000000,1.35238,1.35258,1.3426,1.34491,218165
1758758400000,1.34485,1.34671,1.33228,1.33346,238655
1758844800000,1.33349,1.3413,1.33287,1.33951,211266
1759017600000,1.33875,1.3412,1.33875,1.34068,3598
1759104000000,1.34071,1.34565,1.3406,1.3433,194423
1759190400000,1.34346,1.3467,1.34124,1.34422,213238
1759276800000,1.34417,1.35276,1.3433,1.34781,217078
1759363200000,1.34781,1.35102,1.34,1.34461,196392
1759449600000,1.34459,1.34862,1.3428,1.34783,179690
1759622400000,1.3432,1.34443,1.34216,1.34317,10203
1759708800000,1.34324,1.349,1.3414,1.34837,217907
1759795200000,1.34838,1.34843,1.33914,1.342,206595
1759881600000,1.34197,1.34385,1.3369,1.33999,216619
1759968000000,1.33999,1.3419,1.3278,1.33022,228219
1760054400000,1.33025,1.33708,1.32612,1.33489,234921
1760227200000,1.33259,1.33537,1.33259,1.33353,10644
1760313600000,1.3335,1.33661,1.3305,1.33318,207541
1760400000000,1.33313,1.3353,1.3248,1.33214,259723
1760486400000,1.33207,1.34078,1.33194,1.34026,231469
1760572800000,1.34031,1.34545,1.3398,1.34436,242994
1760659200000,1.34435,1.3472,1.3389,1.34204,245090
1760832000000,1.34235,1.3431,1.34209,1.34247,5635
1760918400000,1.34247,1.3443,1.3398,1.3404,213400
1761004800000,1.34039,1.3417,1.33588,1.33648,235896
1761091200000,1.33648,1.33867,1.33045,1.33503,236501
1761177600000,1.33503,1.33572,1.33068,1.33263,191008
1761264000000,1.33262,1.3373,1.32866,1.33038,210397
1761436800000,1.33188,1.33268,1.33162,1.33212,7791
1761523200000,1.3321,1.33531,1.3309,1.33398,194842
1761609600000,1.3338,1.337,1.32467,1.3278,217387
1761696000000,1.32778,1.32801,1.31393,1.3192,237726
1761782400000,1.3193,1.3219,1.31155,1.31582,234656
1761868800000,1.31582,1.3165,1.3095,1.31459,198209
1762041600000,1.31265,1.31417,1.31265,1.31336,4818
1762128000000,1.31336,1.31624,1.31075,1.3134,190173
1762214400000,1.3134,1.31392,1.3009,1.30206,232190
1762300800000,1.30205,1.3055,1.3009,1.305,215168
1762387200000,1.30516,1.31425,1.3049,1.31395,221590
1762473600000,1.31397,1.3175,1.3093,1.31554,233739
1762646400000,1.31429,1.31594,1.31382,1.31407,3703
1762732800000,1.31408,1.31912,1.31359,1.31713,229558
1762819200000,1.31714,1.31847,1.31155,1.31515,228594
1762905600000,1.31517,1.31554,1.3083,1.31273,232983
1762992000000,1.3127,1.32158,1.31,1.31523,157797
1763078400000,1.31523,1.32004,1.3107,1.3169,219937
1763251200000,1.3149,1.3171,1.3149,1.31585,2246
1763337600000,1.31585,1.31931,1.3134,1.31548,225864
1763424000000,1.31548,1.3177,1.31328,1.31466,259478
1763510400000,1.31465,1.31547,1.3042,1.30595,257418
1763596800000,1.30596,1.31237,1.3037,1.30827,253375
1763683200000,1.30829,1.31095,1.3037,1.3097,261408
1763856000000,1.30948,1.30993,1.30918,1.30954,2277
1763942400000,1.30953,1.3118,1.3078,1.31053,228396
1764028800000,1.31054,1.32142,1.3093,1.31576,238054
1764115200000,1.31582,1.32485,1.31233,1.32442,234792
1764201600000,1.3244,1.32682,1.3209,1.32395,171238
1764288000000,1.32398,1.32547,1.31988,1.3232,276538
1764460800000,1.32231,1.32483,1.32211,1.32385,3749
1764547200000,1.32386,1.32751,1.3203,1.32084,259496
1764633600000,1.32084,1.3222,1.3178,1.32194,211188
1764720000000,1.32194,1.3354,1.32168,1.33471,222941
1764806400000,1.33472,1.33849,1.3318,1.33214,218465
1764892800000,1.33214,1.33623,1.33151,1.33289,203674
