ts_ms,open,high,low,close,volume
1701129600000,83.3646,83.4406,83.303,83.4181,16446
1701216000000,83.344,83.4196,83.184,83.3298,19609
1701302400000,83.189,83.4315,83.179,83.353,14500
1701388800000,83.324,83.4047,83.0402,83.2186,22218
1701561600000,83.2186,83.2186,83.2186,83.2186,1
1701648000000,83.2505,83.809,83.1593,83.4316,19453
1701734400000,83.4317,83.709,83.197,83.3189,15085
1701820800000,83.335,83.3983,83.239,83.332,12393
1701907200000,83.3333,83.4298,83.266,83.3545,14777
1701993600000,83.218,83.7368,80.6737,83.4301,18105
1702166400000,83.4301,83.4301,83.4301,83.4301,1
1702252800000,83.4128,83.4548,83.3108,83.3424,9893
1702339200000,83.3423,83.483,83.3136,83.3911,11946
1702425600000,83.375,83.4835,82.8346,83.2833,13083
1702512000000,83.2832,83.4083,83.122,83.299,25367
1702598400000,83.291,83.3304,82.8898,83.0417,30999
1702771200000,83.0417,83.0417,83.0417,83.0417,1
1702857600000,83.0288,83.24,82.9153,83.1283,18661
1702944000000,83.1039,83.2742,83.038,83.0876,17076
1703030400000,82.967,83.2751,82.967,83.2672,15814
1703116800000,83.2673,83.3297,83.035,83.1316,17161
1703203200000,83.2208,83.3353,82.9504,83.3087,27073
1703376000000,83.165,83.165,83.165,83.165,1
1703462400000,83.1723,83.1723,83.165,83.1723,6
1703548800000,83.1724,83.3461,83.0621,83.1828,12031
1703635200000,83.2027,83.3745,83.1206,83.2682,14569
1703721600000,83.2672,83.3712,80.2249,82.8908,15691
1703808000000,83.145,83.3629,82.1219,82.8993,20955
1703980800000,83.2486,83.2486,83.2486,83.2486,1
1704067200000,83.2188,83.238,83.15,83.2026,45
1704153600000,83.2022,83.3675,83.12,83.2572,12711
1704240000000,83.2576,83.3989,83.2462,83.2941,15586
1704326400000,83.2867,83.4228,83.197,83.2493,14144
1704412800000,83.243,83.2853,83.032,83.093,28041
1704585600000,83.1911,83.1911,83.1911,83.1911,1
1704672000000,83.1896,83.2112,82.9771,83.041,17262
1704758400000,83.0604,83.211,82.9832,83.1311,13740
1704844800000,83.1363,83.185,82.8433,83.0139,14787
1704931200000,83.0357,83.2016,82.9176,83.0736,19258
1705017600000,83.0678,83.1,82.7546,82.7907,24135
1705190400000,82.8721,82.8721,82.8721,82.8721,1
1705276800000,82.8793,82.9714,82.7706,82.8594,14073
1705363200000,82.888,83.1412,82.8036,83.0892,26876
1705449600000,83.174,83.4283,82.882,83.1336,21282
1705536000000,83.065,83.2459,83.05,83.1642,17326
1705622400000,83.1643,83.2313,83.041,83.0746,16794
1705795200000,83.1247,83.1247,83.1247,83.1247,1
1705881600000,83.1222,83.2311,82.0101,83.0951,13312
1705968000000,83.0898,83.2296,81.0949,83.2214,16450
1706054400000,83.215,83.2353,83.0133,83.1054,16327
1706140800000,83.09,83.2433,83.078,83.1487,14779
1706227200000,83.1506,83.2403,83.0667,83.0783,11594
1706400000000,83.1213,83.1213,83.1213,83.1213,1
1706486400000,83.1418,83.2713,83.11,83.1531,8296
1706572800000,83.159,83.2345,83.0746,83.1103,10464
1706659200000,83.1088,83.1845,82.9175,83.0536,16388
1706745600000,83.0531,83.0853,82.899,82.9408,3801
1706832000000,82.9409,83.0337,82.6709,82.9972,19371
1707004800000,82.9993,82.9993,82.9993,82.9993,1
1707091200000,83.0008,83.1357,82.9421,83.1037,11755
1707177600000,83.0438,83.1486,82.975,83.0704,9623
1707264000000,83.0706,83.0976,82.932,82.9883,11835
1707350400000,82.9884,83.0745,82.894,82.9825,11625
1707436800000,82.9792,83.1164,82.902,82.9787,11368
1707609600000,83.0145,83.0145,83.0145,83.0145,1
1707696000000,83.0048,83.404,82.8756,82.9902,10123
1707782400000,82.9808,83.1715,82.8358,83.0746,12106
1707868800000,83.0453,83.1267,82.985,83.0151,10837
1707955200000,83.0378,83.1032,82.9626,83.0096,12172
1708041600000,82.999,83.1726,82.9548,82.981,10256
1708214400000,83.016,83.016,83.016,83.016,1
1708300800000,83.0178,83.0923,82.9121,83.0204,6474
1708387200000,83.0209,83.0403,82.756,82.8666,12575
1708473600000,82.8383,83.0317,82.813,82.9376,12963
1708560000000,82.9425,83.017,82.817,82.8723,14828
1708646400000,82.85,82.9472,82.811,82.8889,7896
1708819200000,82.8818,82.8818,82.8818,82.8818,1
1708905600000,82.8618,82.9787,82.786,82.852,7630
1708992000000,82.8498,83.1333,82.76,82.9442,11224
1709078400000,82.9238,83.0186,82.8465,82.9119,9936
1709164800000,82.9128,83.0238,82.84,82.914,9922
1709251200000,82.924,83.0007,82.7784,82.8484,9431
1709424000000,82.8461,82.8461,82.8461,82.8461,1
1709510400000,82.8458,83.0182,82.8151,82.9115,7243
1709596800000,82.479,83.0007,82.479,82.8848,7881
1709683200000,82.8839,82.9129,82.76,82.8191,8435
1709769600000,82.865,83.232,82.62,82.7228,9502
1709856000000,82.803,82.8103,82.652,82.7542,13289
1710115200000,82.7528,82.8252,82.1782,82.7784,10843
1710201600000,82.7785,83.376,82.7173,82.8351,12541
1710288000000,82.8352,82.9501,82.75,82.833,10094
1710374400000,82.8278,83.0333,82.7795,82.9655,12197
1710460800000,82.9653,82.9781,82.8126,82.8889,12190
1710720000000,82.8758,83.011,82.82,82.8636,7996
1710806400000,82.864,83.1015,82.864,83.011,10497
1710892800000,83.0421,83.2271,82.95,83.0546,14091
1710979200000,83.02,83.287,82.797,83.215,14105
1711065600000,83.2127,83.7181,83.0981,83.5936,20633
1711238400000,83.5936,83.5936,83.5936,83.5936,1
1711324800000,83.6005,83.6007,83.3523,83.4176,12123
1711411200000,83.488,83.4993,82.7645,83.3345,12758
1711497600000,83.3344,83.464,83.259,83.3601,13280
1711584000000,83.364,83.4983,83.3,83.393,12707
1711670400000,83.3942,83.4415,83.06,83.3831,5033
1711843200000,83.3648,83.3648,83.3648,83.3648,1
1711929600000,83.3649,83.4414,82.9876,83.4097,7219
1712016000000,83.4413,83.4744,83.1836,83.3501,10264
1712102400000,83.361,83.6163,82.915,83.3733,12702
1712188800000,83.416,83.5536,83.319,83.4813,10346
1712275200000,83.429,83.5092,83.24,83.2968,16785
1712534400000,83.2969,83.3656,83.2302,83.2702,12056
1712620800000,83.2577,83.346,83.165,83.2243,12301
1712707200000,83.187,83.4758,83.154,83.4128,20923
1712793600000,83.429,83.4947,83.27,83.3493,18859
1712880000000,83.3494,83.622,83.2281,83.6111,16973
1713139200000,83.6112,83.6116,83.1524,83.5064,9838
1713225600000,83.493,83.7341,82.4551,83.6675,18620
1713312000000,83.631,83.7489,83.3609,83.5958,19946
1713398400000,83.588,83.6675,83.4698,83.545,14633
1713484800000,83.557,83.883,83.3447,83.3702,19798
1713657600000,83.3853,83.3853,83.3853,83.3853,1
1713744000000,83.3854,83.4538,83.278,83.39,11442
1713830400000,83.3898,83.4439,83.2281,83.2903,15415
1713916800000,83.2902,83.427,83.22,83.3401,11708
1714003200000,83.327,83.434,83.249,83.2846,14512
1714089600000,83.287,83.4367,83.2181,83.4027,17560
1714262400000,83.4027,83.4027,83.4023,83.4023,3
1714348800000,83.4024,83.5775,83.2743,83.4442,15769
1714435200000,83.41,83.5904,83.3897,83.4984,15974
1714521600000,83.4985,83.5714,82.8652,83.4064,11384
1714608000000,83.4381,83.5346,83.2718,83.4042,13635
1714694400000,83.349,83.491,83.186,83.3622,22240
1714867200000,83.3804,83.3804,83.38,83.38,2
1714953600000,83.3801,83.6005,83.2758,83.5184,9604
1715040000000,83.425,83.5974,83.422,83.4638,13445
1715126400000,83.4715,83.5962,83.426,83.4645,10144
1715212800000,83.461,83.5855,83.353,83.4618,11779
1715299200000,83.465,83.6165,83.447,83.5246,10065
1715472000000,83.5466,83.5466,83.5248,83.5248,5
1715558400000,83.5243,83.6184,83.46,83.5054,7731
1715644800000,83.496,83.5997,83.4153,83.5233,9769
1715731200000,83.5263,83.6003,83.3292,83.4041,13964
1715817600000,83.367,83.581,83.359,83.4771,9145
1715904000000,83.4776,83.5071,83.2377,83.3011,11481
1716076800000,83.2986,83.3004,83.2986,83.3004,2
1716163200000,83.3005,83.3884,83.226,83.3151,6625
1716249600000,83.297,83.3882,83.226,83.3173,11467
1716336000000,83.3172,83.3853,83.213,83.2748,15215
1716422400000,83.2738,83.3736,83.188,83.2865,13788
1716508800000,83.2866,83.3821,82.9879,83.0551,16354
1716681600000,83.0585,83.0585,83.0522,83.0522,2
1716768000000,83.0523,83.1934,83.0334,83.1465,7044
1716854400000,83.144,83.2708,83.087,83.2066,11530
1716940800000,83.15,83.4417,83.139,83.3657,13650
1717027200000,83.3658,83.4374,83.1942,83.3209,14628
1717113600000,83.242,83.5353,83.0973,83.4375,19020
1717286400000,83.4606,83.4606,83.4508,83.4508,2
1717372800000,83.4509,83.4511,82.958,83.0981,16019
1717459200000,83.085,83.6763,83.0379,83.6763,24045
1717545600000,83.808,85.186,83.185,83.3808,19134
1717632000000,83.372,83.5458,83.316,83.4696,13439
1717718400000,83.4701,83.5557,83.2256,83.519,15037
1717891200000,83.5267,83.5276,83.5267,83.5276,2
1717977600000,83.5277,83.5918,83.4467,83.5312,8435
1718064000000,83.5446,83.6912,83.466,83.5968,11145
1718150400000,83.5978,83.6304,83.3813,83.4542,16061
1718236800000,83.529,83.6151,83.43,83.5271,10795
1718323200000,83.5276,83.6302,83.452,83.5492,11049
1718496000000,83.55,83.5518,83.55,83.5518,2
1718582400000,83.5519,83.6299,83.413,83.5002,6871
1718668800000,83.516,83.5437,83.2877,83.3741,11402
1718755200000,83.372,83.4973,83.336,83.4195,8545
1718841600000,83.4194,83.7064,83.4077,83.6016,10736
1718928000000,83.567,83.6281,83.4216,83.554,8859
1719100800000,83.5627,83.5627,83.5625,83.5625,2
1719187200000,83.5558,83.5793,83.4167,83.4464,8516
1719273600000,83.469,83.5147,83.3732,83.4157,9915
1719360000000,83.4162,83.6564,83.402,83.5811,10031
1719446400000,83.5878,83.5958,83.3898,83.4509,11122
1719532800000,83.451,83.545,83.2982,83.3681,12283
1719705600000,83.3641,83.3675,83.3641,83.3675,2
1719792000000,83.3676,83.5145,83.3488,83.4413,8899
1719878400000,83.442,83.5731,83.4229,83.4811,9555
1719964800000,83.4841,83.6123,83.4346,83.4912,9458
1720051200000,83.49,83.5848,83.4635,83.4923,7180
1720137600000,83.4918,83.5299,83.4375,83.4693,10065
1720310400000,83.4768,83.4768,83.4721,83.4721,2
1720396800000,83.4722,83.5464,83.4333,83.4576,6965
1720483200000,83.4577,83.5738,83.451,83.491,7518
1720569600000,83.4878,83.5819,83.433,83.4944,7038
1720656000000,83.4954,83.5888,83.3972,83.5247,14275
1720742400000,83.5246,83.5648,83.4607,83.511,9782
1720915200000,83.5191,83.5203,83.5191,83.5203,2
1721001600000,83.5204,83.6172,83.3589,83.5882,7369
1721088000000,83.5877,83.6644,83.5045,83.5411,10180
1721174400000,83.5617,83.6233,83.494,83.5719,7370
1721260800000,83.5688,83.7004,83.549,83.6743,9108
1721347200000,83.6891,83.7433,83.5805,83.717,8811
1721520000000,83.7296,83.7303,83.7296,83.7303,2
1721606400000,83.7304,83.7495,83.518,83.6709,7004
1721692800000,83.618,83.7704,83.5993,83.7068,8203
1721779200000,83.689,83.7933,83.6379,83.7432,7120
1721865600000,83.795,83.8588,83.6468,83.7445,8277
1721952000000,83.722,83.8015,83.6415,83.6425,5867
1722124800000,83.715,83.7303,83.715,83.7278,24
1722211200000,83.7348,83.8071,83.6941,83.7505,8408
1722297600000,83.751,83.8205,83.692,83.7736,5990
1722384000000,83.796,83.8124,83.6026,83.7178,10295
1722470400000,83.664,83.811,83.631,83.7439,8861
1722556800000,83.731,83.8312,83.5873,83.7945,10638
1722729600000,83.7671,83.7671,83.7353,83.7353,2
1722816000000,83.7354,84.1743,83.6921,84.0026,19861
1722902400000,84.008,84.0953,83.8069,83.9349,12325
1722988800000,83.934,84.0335,83.858,83.9422,9289
1723075200000,83.906,84.0877,83.2721,83.9889,7948
1723161600000,83.99,84.0219,83.878,83.9221,7384
1723334400000,83.9508,83.9508,83.9498,83.9498,2
1723420800000,83.8215,84.0264,83.8215,83.89,4674
1723507200000,83.887,84.0286,83.8498,83.882,8958
1723593600000,83.884,84.05,83.883,83.9715,8905
1723680000000,83.954,84.0255,83.8042,83.9483,7071
1723766400000,83.9484,84.0254,83.7221,83.8613,6182
1723939200000,83.8755,83.8898,83.8755,83.8898,2
1724025600000,83.8899,83.9413,83.7797,83.8766,9165
1724112000000,83.692,84.479,83.394,83.7911,9346
1724198400000,83.796,83.9956,83.62,83.8915,9222
1724284800000,83.88,84.0331,83.8737,83.9406,7712
1724371200000,83.936,83.9868,83.7698,83.776,12016
1724544000000,83.8137,83.8138,83.8137,83.8138,2
1724630400000,83.8139,83.9677,83.5267,83.8853,6301
1724716800000,83.876,84.0192,83.84,83.9219,6416
1724803200000,83.913,84.0328,83.8916,83.9415,7130
1724889600000,83.934,83.9973,83.8331,83.8951,10573
1724976000000,83.895,83.9562,83.8013,83.8721,10504
1725148800000,83.8898,83.8898,83.8608,83.8608,13
1725235200000,83.8638,83.9824,83.8503,83.9271,5435
1725321600000,83.9272,84.0555,83.82,83.9506,6035
1725408000000,83.943,84.0658,83.9119,83.9822,6112
1725494400000,83.9821,84.0849,83.9523,83.9831,6440
1725580800000,83.9788,84.0258,83.8935,83.9889,10784
1725753600000,83.9876,83.9876,83.9826,83.9826,2
1725840000000,83.9448,84.0763,83.92,83.9809,5097
1725926400000,84.182,84.4083,83.94,83.982,5444
1726012800000,83.957,84.1203,83.8583,83.9932,6791
1726099200000,83.9933,84.0234,83.894,83.9231,6854
1726185600000,83.931,84.0253,83.8217,83.8583,8167
1726358400000,83.883,83.8848,83.883,83.8848,2
1726444800000,83.8849,83.9976,83.8204,83.884,6550
1726531200000,83.897,83.9138,83.696,83.7706,10244
1726617600000,83.787,83.8723,83.3458,83.6917,13752
1726704000000,83.687,83.7843,83.5633,83.6145,12230
1726790400000,83.6167,83.64,83.4338,83.4817,10721
1726963200000,83.4802,83.4871,83.4802,83.4871,2
1727049600000,83.4872,83.6748,83.4458,83.5486,8137
1727136000000,83.558,83.7713,83.507,83.5911,8465
1727222400000,83.632,84.761,83.2878,83.6903,10570
1727308800000,83.6902,83.809,83.5574,83.6117,10508
1727395200000,83.6118,83.8118,83.5636,83.7182,13361
1727568000000,83.7183,83.7183,83.7164,83.7164,2
1727654400000,83.7165,83.9437,83.6041,83.8298,9927
1727740800000,83.797,84.0244,83.7594,83.8776,10878
1727827200000,83.863,84.0967,83.854,83.9166,8228
1727913600000,83.903,84.1408,83.8846,84.0094,9130
1728000000000,83.996,84.0515,83.8022,84.0299,8950
1728172800000,84.0301,84.0301,84.0278,84.0278,2
1728259200000,84.0068,84.1271,83.945,83.9641,5930
1728345600000,83.9647,84.1134,83.884,83.9256,8118
1728432000000,83.883,84.0898,83.759,83.9422,5897
1728518400000,83.919,84.1051,83.864,83.9467,7152
1728604800000,83.9468,84.2505,83.93,84.1046,8763
1728777600000,84.1371,84.1371,84.1371,84.1371,1
1728864000000,84.1683,84.205,83.9753,84.0502,5507
1728950400000,84.0501,84.1907,84.01,84.09,6355
1729036800000,84.0634,84.1568,83.98,84.0393,5916
1729123200000,84.02,84.1427,83.994,84.0488,7096
1729209600000,84.0533,84.1809,84.007,84.0711,4921
1729382400000,84.0692,84.0692,84.0687,84.0687,2
1729468800000,84.0798,84.1864,84.0215,84.0742,4275
1729555200000,84.0743,84.1948,84.058,84.0892,3214
1729641600000,84.081,84.186,84.0484,84.0677,3659
1729728000000,84.0678,84.1841,84.04,84.0818,3696
1729814400000,84.0785,84.1761,84.053,84.0979,4646
1729987200000,84.102,84.102,84.102,84.102,1
1730073600000,84.0968,84.1736,84.04,84.1028,3351
1730160000000,84.102,84.1697,84.0266,84.0868,5404
1730246400000,84.076,84.1987,84.04,84.0891,4347
1730332800000,84.083,85.34,84.0366,84.0915,5288
1730419200000,84.0897,84.1657,84.0153,84.0867,5219
1730592000000,84.1336,84.1336,84.1336,84.1336,1
1730678400000,84.1824,84.2566,84.0425,84.1525,5109
1730764800000,84.1678,84.2279,84.0611,84.1163,5673
1730851200000,84.1178,84.5593,83.7312,84.2512,15911
1730937600000,84.224,84.4567,84.2183,84.3064,10378
1731024000000,84.3048,84.4395,84.299,84.3085,7300
1731196800000,84.3829,84.3829,84.3829,84.3829,1
1731283200000,84.3698,84.4956,84.3658,84.4123,4113
1731369600000,84.4088,84.5041,84.3511,84.3933,6819
1731456000000,84.3938,84.5315,84.342,84.4233,7455
1731542400000,84.4234,84.881,84.3842,84.4738,8113
1731628800000,84.4737,84.5827,84.4003,84.424,6748
1731801600000,84.4775,84.4775,84.4775,84.4775,1
1731888000000,84.4458,84.5215,84.3725,84.3985,6010
1731974400000,84.391,84.5282,84.3493,84.3976,6227
1732060800000,84.404,84.4858,84.3049,84.3845,4453
1732147200000,84.3878,84.6124,84.34,84.4883,7197
1732233600000,84.4944,84.5817,84.395,84.4036,7651
1732492800000,84.2461,84.42,84.2259,84.3775,2297
1732579200000,84.3241,84.4556,84.218,84.3393,10544
1732665600000,84.3378,84.5664,84.2957,84.4203,9434
1732752000000,84.4204,84.636,84.36,84.4715,6772
1732838400000,84.472,84.7306,84.4432,84.6486,8690
1733011200000,84.557,84.557,84.557,84.557,1
1733097600000,84.5768,84.8974,84.557,84.7299,9086
1733184000000,84.7183,84.8543,84.6191,84.6807,11178
1733270400000,84.6763,84.8615,84.6215,84.707,10665
1733356800000,84.702,84.8308,84.646,84.6838,7985
1733443200000,84.6878,84.8508,84.3169,84.6688,11787
1733616000000,84.666,84.666,84.666,84.666,1
1733702400000,84.6733,85.0226,84.666,84.8476,9466
1733788800000,84.7989,85.0621,84.7834,84.8821,7985
1733875200000,84.88,85.0589,84.7502,84.8519,11959
1733961600000,84.8419,85.0511,84.7889,84.8392,8647
1734048000000,84.8391,85.0451,84.765,84.7862,8710
1734220800000,84.802,84.802,84.802,84.802,1
1734307200000,84.8166,85.1063,84.7657,84.9173,6481
1734393600000,84.8939,85.1493,84.5127,84.9239,8707
1734480000000,84.924,85.2998,84.7654,85.1655,11231
1734566400000,85.1656,85.3368,84.887,85.2794,11206
1734652800000,85.2795,85.3397,84.8701,84.9521,11827
1734825600000,84.945,84.945,84.945,84.945,1
1734912000000,84.9518,85.1357,84.9298,85.0989,8174
1734998400000,85.099,85.5184,84.4185,85.1815,9923
1735084800000,85.3024,85.5472,82.745,85.4134,1074
1735171200000,85.4135,85.5513,83.9379,85.2609,9136
1735257600000,85.2488,85.8186,80.3852,85.3355,17196
1735430400000,85.386,85.386,85.386,85.386,1
1735516800000,85.3933,85.7914,85.0816,85.7866,14050
1735603200000,85.7867,85.8849,77.1371,85.5598,13974
1735689600000,85.7857,85.9588,85.7857,85.7857,4
1735776000000,85.6686,86.0868,85.5209,85.804,11221
1735862400000,85.8048,86.0948,85.6834,85.6834,10298
1736035200000,85.759,85.759,85.759,85.759,1
1736121600000,85.735,85.9748,84.9532,85.6807,13879
1736208000000,85.6953,86.0212,81.919,85.8052,11904
1736294400000,85.8051,86.1767,85.7036,85.9072,14110
1736380800000,85.9228,86.2087,85.8242,85.92,9984
1736467200000,85.9208,86.3792,84.5916,86.1676,14833
1736640000000,86.188,86.188,86.188,86.188,1
1736726400000,86.1778,86.8528,86.0938,86.6506,16102
1736812800000,86.6419,86.7862,86.4129,86.5354,17562
1736899200000,86.535,86.6351,85.7613,86.431,18415
1736985600000,86.4381,86.861,86.2521,86.605,12575
1737072000000,86.5948,86.6704,86.0648,86.5892,8245
1737244800000,86.569,86.569,86.569,86.569,1
1737331200000,86.5157,86.5675,86.0313,86.215,6744
1737417600000,86.2151,86.6192,86.1939,86.4519,6042
1737504000000,86.4521,86.594,86.289,86.4727,5779
1737590400000,86.4728,86.592,86.363,86.4402,6243
1737676800000,86.4863,86.4864,86.145,86.1881,6240
1737849600000,86.203,86.203,86.203,86.203,1
1737936000000,86.1846,86.4797,86.18,86.4684,4440
1738022400000,86.4685,86.6891,86.35,86.5846,5117
1738108800000,86.6776,86.7979,86.485,86.6406,5789
1738195200000,86.6407,86.6674,86.539,86.647,4209
1738281600000,86.6493,86.8074,86.0019,86.5758,11803
1738454400000,86.554,86.554,86.554,86.554,1
1738540800000,87.1652,87.3334,86.5102,86.9434,24320
1738627200000,86.9435,87.2891,86.9305,87.1049,16219
1738713600000,87.0909,87.6641,87.081,87.3344,19464
1738800000000,87.3343,87.7669,87.0126,87.5904,13197
1738886400000,87.5903,87.9446,87.3046,87.5091,28083
1739059200000,87.5131,87.5131,87.5131,87.5131,1
1739145600000,87.6543,88.0722,87.2319,87.4911,19698
1739232000000,87.4928,87.5975,86.5005,86.8112,29012
1739318400000,86.8128,87.1861,86.2466,86.874,28177
1739404800000,86.926,87.1325,86.288,86.7451,24511
1739491200000,86.7698,87.0702,86.4261,86.4336,20575
1739664000000,86.4346,86.4346,86.4346,86.4346,1
1739750400000,86.6682,87.0728,86.623,86.8548,10819
1739836800000,86.8549,87.1047,86.62,86.8872,12411
1739923200000,86.8873,87.0947,86.7664,86.8728,11537
1740009600000,86.9018,86.9998,86.4356,86.4512,18568
1740096000000,86.4672,86.8303,86.4271,86.5284,15032
1740268800000,86.5294,86.5294,86.5294,86.5294,1
1740355200000,86.6491,86.9186,86.4309,86.6879,13607
1740441600000,86.6874,87.3164,86.66,87.0846,18033
1740528000000,87.0745,87.3406,87.0115,87.1622,12584
1740614400000,87.1786,87.5663,87.0948,87.3271,22213
1740700800000,87.3272,87.6461,87.2489,87.4716,20045
1740873600000,87.464,87.464,87.464,87.464,1
1740960000000,87.4228,87.5303,87.2349,87.3274,15843
1741046400000,87.3275,87.5821,87.1229,87.217,19197
1741132800000,87.2171,87.3458,86.7625,86.8549,25829
1741219200000,86.8233,87.2962,86.8233,87.1289,20740
1741305600000,87.129,87.3061,86.7005,87.0728,22584
1741478400000,87.0738,87.0738,87.0738,87.0738,1
1741564800000,86.8725,87.5666,86.8725,87.3541,17639
1741651200000,87.3528,87.4594,87.1117,87.2001,17582
1741737600000,87.2002,87.446,87.0282,87.3406,19444
1741824000000,87.2886,87.2886,86.804,86.9219,19673
1741910400000,86.9198,87.1985,86.864,86.9282,12987
1742083200000,86.939,86.939,86.939,86.939,1
1742169600000,86.9548,87.15,86.5773,86.9175,13739
1742256000000,86.9176,86.9181,86.4198,86.5755,14452
1742342400000,86.5748,86.794,86.1744,86.3371,18096
1742428800000,86.3318,86.6027,86.1764,86.3349,16922
1742515200000,86.3348,86.3423,85.8878,85.9903,19063
1742688000000,85.987,85.987,85.987,85.987,1
1742774400000,85.9948,86.0476,85.47,85.5321,22760
1742860800000,85.5321,86.0953,85.524,85.5931,16598
1742947200000,85.5905,86.1179,85.5905,86.0838,15327
1743033600000,86.0954,86.0963,85.61,85.6969,15486
1743120000000,85.7019,85.781,85.395,85.5195,18058
1743292800000,85.5387,85.5388,85.5387,85.5388,2
1743379200000,85.5389,85.7458,85.2494,85.4648,11657
1743465600000,85.4664,85.8619,85.3752,85.6101,12725
1743552000000,85.6101,85.8405,85.2845,85.6512,18141
1743638400000,85.6513,86.0562,85.195,85.2829,9909
1743724800000,85.283,85.6403,84.925,85.5326,3215
1743897600000,85.522,85.5293,85.522,85.5293,2
1743984000000,85.523,86.0925,82.2097,86.027,54021
1744070400000,86.0271,86.4963,85.7667,86.4354,32599
1744156800000,86.4355,86.8948,85.3759,86.2093,58983
1744243200000,86.2094,86.653,85.0684,86.2604,41162
1744329600000,86.2521,86.3705,85.8415,85.8453,56950
1744502400000,85.8563,86.193,85.8563,86.193,2
1744588800000,86.2003,86.206,85.2109,86.0447,24848
1744675200000,86.0448,86.0451,85.4744,85.7268,25548
1744761600000,85.7269,85.8502,85.508,85.6205,25821
1744848000000,85.6206,85.6679,85.2868,85.3658,23705
1745107200000,85.383,85.3903,85.383,85.3903,2
1745193600000,85.384,85.3905,85.0135,85.1589,22189
1745280000000,85.159,85.3848,84.9729,85.2323,23129
1745366400000,85.2324,85.6718,85.1917,85.5,26489
1745452800000,85.5001,85.6915,85.184,85.2573,22305
1745539200000,85.2574,85.6653,85.0608,85.3851,30746
1745712000000,85.3849,85.3849,85.3849,85.3849,1
1745798400000,85.385,85.5375,84.896,85.1605,27359
1745884800000,85.1606,85.4168,84.9334,85.1708,27103
1745971200000,85.1709,85.2694,84.292,84.5312,34372
1746057600000,84.591,84.8274,84.3037,84.6967,19003
1746144000000,84.6968,84.8483,83.1616,84.668,50544
1746316800000,84.519,84.5263,84.519,84.5263,2
1746403200000,84.52,84.6137,70.5496,84.2208,45146
1746489600000,84.2209,85.0836,83.4993,84.7932,33753
1746576000000,84.7933,84.907,84.0988,84.8172,33123
1746662400000,84.8173,86.1254,84.522,86.0822,50028
1746748800000,86.0823,86.083,85.1548,85.4306,42073
1746921600000,85.401,85.4083,85.401,85.4083,2
1747008000000,85.402,85.4084,82.9958,84.9657,44415
1747094400000,84.9658,85.4864,84.604,85.0604,31261
1747180800000,85.0605,85.5118,84.8821,85.4876,45690
1747267200000,85.4877,85.7592,85.2033,85.4449,32529
1747353600000,85.4438,85.7775,85.199,85.5994,30179
1747526400000,85.493,85.5003,85.493,85.5003,2
1747612800000,85.494,85.6296,85.2563,85.3692,23505
1747699200000,85.3662,85.6739,85.352,85.5358,20423
1747785600000,85.5308,85.8308,85.4382,85.6003,24822
1747872000000,85.6088,93.2673,85.4433,85.9749,27113
1747958400000,85.975,86.0394,84.9168,85.0371,40185
1748131200000,85.192,85.1993,85.192,85.1993,2
1748217600000,85.193,85.2636,84.4937,85.1582,24169
1748304000000,85.1583,85.5539,82.0958,85.3605,27269
1748390400000,85.3606,85.7239,85.1279,85.3859,22733
1748476800000,85.3896,85.6242,85.3291,85.3612,23567
1748563200000,85.3613,85.797,85.2091,85.5156,36139
1748736000000,85.518,85.5243,85.517,85.5243,3
1748822400000,85.518,85.6217,85.2667,85.3658,22236
1748908800000,85.3659,85.8038,85.2801,85.7088,18745
1748995200000,85.7089,86.0556,85.5134,85.9028,25702
1749081600000,85.9029,86.0358,85.5375,85.8775,25645
1749168000000,85.8776,85.988,85.3965,85.7579,28452
1749340800000,85.778,85.7853,85.778,85.7853,2
1749427200000,85.779,85.8957,85.4751,85.756,18394
1749513600000,85.6658,85.7042,85.4921,85.6528,18903
1749600000000,85.6529,85.657,85.18,85.4698,19584
1749686400000,85.4699,85.7342,85.3784,85.6884,24003
1749772800000,85.6885,86.2534,85.2462,85.2462,35861
1749945600000,86.101,86.101,86.101,86.101,1
1750032000000,86.1083,86.2524,85.7046,86.1042,27360
1750118400000,86.1043,86.6248,85.6956,86.3549,27950
1750204800000,86.355,86.6397,86.2507,86.6137,39024
1750291200000,86.6138,86.9079,86.3238,86.5838,30556
1750377600000,86.7371,86.7687,86.3085,86.3085,19693
1750550400000,86.573,86.5803,86.573,86.5803,2
1750636800000,86.574,87.0294,85.85,86.233,35716
1750723200000,86.3546,86.5804,85.8318,85.9048,26683
1750809600000,85.9736,86.1374,85.7242,85.9891,20176
1750896000000,85.9548,86.1365,85.4714,85.6664,33183
1750982400000,85.6732,85.7904,85.3312,85.3312,26534
1751155200000,85.448,85.4553,85.448,85.4553,2
1751241600000,85.449,85.9336,84.6294,85.7038,20236
1751328000000,85.7039,85.7973,85.4465,85.6428,20439
1751414400000,85.7306,85.8342,85.3609,85.6966,21165
1751500800000,85.6967,85.7,85.1526,85.3191,26454
1751587200000,85.4044,85.7171,84.743,84.743,19688
1751760000000,85.232,85.4963,85.232,85.4963,2
1751846400000,85.4964,86.0351,85.361,85.892,27084
1751932800000,85.8921,85.8924,85.6225,85.7074,23635
1752019200000,85.7075,85.924,85.5699,85.7085,21685
1752105600000,85.7086,85.8433,85.448,85.7348,19449
1752192000000,85.7349,85.9143,85.4786,85.8316,28263
1752364800000,85.818,85.8213,85.818,85.8213,2
1752451200000,85.819,86.1267,84.5483,85.9686,21287
1752537600000,85.9687,86.0322,85.7304,85.9931,20991
1752624000000,85.9932,86.0803,85.6815,85.8852,30638
1752710400000,85.8853,86.1374,85.789,86.0465,21547
1752796800000,86.0466,86.2327,85.9254,86.1501,18693
1752969600000,86.146,86.1486,86.146,86.1486,2
1753056000000,86.1487,86.3897,84.971,86.1953,19950
1753142400000,86.1954,86.4448,86.0462,86.3428,17942
1753228800000,86.3429,86.46,85.8474,86.3987,19552
1753315200000,86.3988,86.4749,86.234,86.4303,20093
1753401600000,86.4283,86.7446,86.384,86.5026,19650
1753574400000,86.5016,86.5061,86.5016,86.5061,2
1753660800000,86.5062,86.833,86.3827,86.7776,19408
1753747200000,86.7777,87.222,86.65,87.0632,24380
1753833600000,87.0633,87.8453,86.9745,87.5186,39572
1753920000000,87.6704,87.7958,87.1853,87.4894,28854
1754006400000,87.4895,87.7624,87.0858,87.1149,41537
1754179200000,87.238,87.2453,87.238,87.2453,2
1754265600000,87.239,88.0426,87.0667,87.8933,29177
1754352000000,87.8934,88.1108,87.6025,87.7231,29198
1754438400000,87.7232,87.8598,87.5036,87.7625,30084
1754524800000,87.7626,87.8549,87.2825,87.4332,35415
1754611200000,87.4333,87.8408,87.3106,87.6789,30477
1754784000000,87.6779,87.6779,87.4883,87.4883,2
1754870400000,87.4884,87.7558,87.4548,87.6645,22217
1754956800000,87.6646,87.7541,87.5329,87.5963,37458
1755043200000,87.5956,87.7196,87.3557,87.45,30111
1755129600000,87.4501,87.7083,87.3708,87.6919,31012
1755216000000,87.6898,87.7331,87.3841,87.5132,15852
1755388800000,87.506,87.5128,87.506,87.5128,2
1755475200000,87.507,87.5629,87.2621,87.2951,27477
1755561600000,87.2952,87.3867,86.9018,87.0773,34015
1755648000000,87.0798,87.1849,86.871,87.0182,24913
1755734400000,87.0183,87.3443,86.919,87.2934,22724
1755820800000,87.2935,87.638,87.0584,87.3311,28846
1755993600000,87.324,87.3301,87.324,87.3301,2
1756080000000,87.325,87.6139,87.233,87.6086,21018
1756166400000,87.6087,87.795,87.5228,87.6007,24237
1756252800000,87.6388,87.9885,87.3972,87.6583,20567
1756339200000,87.6179,87.6877,87.4957,87.5917,24652
1756425600000,87.5918,88.3901,87.5101,88.1678,37532
1756598400000,88.167,88.1743,88.167,88.1743,2
1756684800000,88.168,88.3997,87.666,88.0015,26556
1756771200000,88.0016,88.2634,87.7859,87.9985,36316
1756857600000,87.9986,88.1883,87.964,88.073,31498
1756944000000,88.0731,88.3603,87.975,88.1929,23496
1757030400000,88.193,88.378,87.6581,88.1988,29612
1757203200000,88.178,88.1863,88.178,88.1863,2
1757289600000,88.1864,88.223,87.8278,87.9805,23164
1757376000000,87.9806,88.3395,87.9001,88.2188,26976
1757462400000,88.2183,88.2783,87.9815,88.0534,28271
1757548800000,88.0535,88.496,88.0266,88.2676,30280
1757635200000,88.2677,88.424,88.0934,88.2771,25143
1757808000000,88.27,88.2773,88.27,88.2773,2
1757894400000,88.271,88.3113,88.0742,88.1235,25464
1757980800000,88.1236,88.1673,87.8299,87.8846,26245
1758067200000,87.8847,87.9657,87.6384,87.9107,34840
1758153600000,87.9108,88.2903,87.738,88.2069,26401
1758240000000,88.207,88.3315,88.0177,88.1001,25602
1758412800000,88.0981,88.0992,88.0981,88.0992,2
1758499200000,88.0993,88.3397,88.093,88.3044,24808
1758585600000,88.3045,88.929,88.235,88.808,37014
1758672000000,88.8081,88.9616,88.6392,88.7785,23774
1758758400000,88.7786,88.8648,88.5816,88.7731,27273
1758844800000,88.7732,88.7848,88.5748,88.6771,23528
1759017600000,88.671,88.6768,88.671,88.6768,2
1759104000000,88.6769,88.9191,88.4962,88.7043,28488
1759190400000,88.7044,88.9244,88.6426,88.8407,22650
1759276800000,88.8408,88.8563,88.5756,88.683,25042
1759363200000,88.6831,88.9215,88.5617,88.7202,16293
1759449600000,88.7203,88.8064,88.611,88.7351,18932
1759622400000,88.734,88.7351,88.734,88.7351,2
1759708800000,88.7352,88.9372,88.6806,88.7226,18848
1759795200000,88.7217,88.773,88.6807,88.7426,20493
1759881600000,88.7427,88.9274,88.6973,88.7609,18497
1759968000000,88.7609,88.9285,88.691,88.8654,17169
1760054400000,88.8655,88.8698,88,88.7571,24472
1760227200000,88.75,88.7573,88.75,88.7573,2
1760313600000,88.751,88.8037,88.5492,88.6651,18614
1760400000000,88.6652,88.938,88.6008,88.7823,18669
1760486400000,88.7824,88.7993,87.6444,87.8095,37915
1760572800000,87.81,88.0583,87.5201,87.9907,30081
1760659200000,87.9908,88.099,87.4387,88.0035,25855
1760832000000,88.0035,88.0255,87.995,88.0023,4
1760918400000,88,88.0596,87.4986,87.88,19110
1761004800000,87.8799,88.168,87.8386,87.9981,21736
1761091200000,87.9968,87.9976,87.604,87.7403,25639
1761177600000,87.7404,88.0343,87.7019,87.779,20273
1761264000000,87.7791,87.8703,87.623,87.8153,22177
1761436800000,87.829,87.829,87.829,87.829,1
1761523200000,87.8363,88.4021,87.4713,88.2221,19989
1761609600000,88.2232,88.4208,88.1028,88.2255,19310
1761696000000,88.2247,88.5339,85.8139,88.3467,30316
1761782400000,88.3468,88.8586,87.9963,88.6345,27780
1761868800000,88.6347,88.9197,88.41,88.7614,18390
1762041600000,88.761,88.761,88.761,88.761,1
1762128000000,88.9149,88.9161,88.5767,88.7234,16257
1762214400000,88.7218,88.8388,88.1592,88.7319,27021
1762300800000,88.732,88.8029,88.5178,88.5568,25137
1762387200000,88.5569,88.6856,88.3579,88.673,30769
1762473600000,88.6731,88.839,88.4546,88.6651,20819
1762646400000,88.658,88.658,88.658,88.658,1
1762732800000,88.6653,88.7486,88.5139,88.7071,17348
1762819200000,88.7072,88.7172,88.3696,88.4665,23234
1762905600000,88.4666,88.7142,88.4665,88.5939,26262
1762992000000,88.6188,88.8263,88.575,88.8162,4993
1763078400000,88.7763,88.88,88.2141,88.685,22672
1763251200000,88.682,88.682,88.682,88.682,1
1763337600000,88.6893,88.7478,88.561,88.6359,17841
1763424000000,88.636,88.7372,88.48,88.5569,16488
1763510400000,88.557,88.635,88.4051,88.4873,17597
1763596800000,88.4874,88.7944,88.4606,88.6922,21393
1763683200000,88.6923,89.7395,88.601,89.6204,37085
1763856000000,89.634,89.634,89.634,89.634,1
1763942400000,89.6413,89.6413,89.0022,89.1478,24403
1764028800000,89.1418,89.267,88.9501,89.1533,20655
1764115200000,89.1534,89.4251,89.1231,89.1626,18957
